{
  "limiter": [
    [
      0.3148,
      0.0
    ],
    [
      0.3148,
      1.05
    ],
    [
      0.415,
      1.27
    ],
    [
      0.415,
      1.6234
    ],
    [
      0.5715,
      1.6234
    ],
    [
      0.617,
      1.628
    ],
    [
      1.194,
      1.401
    ],
    [
      1.0433,
      1.43
    ],
    [
      1.3192,
      1.0397
    ],
    [
      1.3358,
      0.9976
    ],
    [
      1.4851,
      0.545
    ],
    [
      1.4791,
      0.4995
    ],
    [
      1.5174,
      0.306
    ],
    [
      1.5313,
      0.2355
    ],
    [
      1.5464,
      0.1586
    ],
    [
      1.5608,
      0.0801
    ],
    [
      1.567,
      0.0
    ],
    [
      1.5657,
      -0.0177
    ],
    [
      1.5543,
      -0.1123
    ],
    [
      1.5341,
      -0.221
    ],
    [
      1.5181,
      -0.3026
    ],
    [
      1.4818,
      -0.486
    ],
    [
      1.4851,
      -0.545
    ],
    [
      1.3358,
      -0.9976
    ],
    [
      1.3192,
      -1.0397
    ],
    [
      1.0433,
      -1.43
    ],
    [
      1.194,
      -1.401
    ],
    [
      0.617,
      -1.628
    ],
    [
      0.5715,
      -1.6234
    ],
    [
      0.415,
      -1.6234
    ],
    [
      0.415,
      -1.27
    ],
    [
      0.3148,
      -1.05
    ],
    [
      0.3148,
      0.0
    ]
  ],
  "coils": {
    "CS1U": {
      "rc": 0.114427,
      "zc": 1.084386,
      "w": 0.010007999999999989,
      "h": 2.168772,
      "nturns": 122.62500000000001
    },
    "CS2U": {
      "rc": 0.12606,
      "zc": 1.070064,
      "w": 0.010008000000000003,
      "h": 2.140128,
      "nturns": 120.99999
    },
    "CS3U": {
      "rc": 0.137693,
      "zc": 1.0601479999999999,
      "w": 0.010008000000000017,
      "h": 2.120297,
      "nturns": 119.87499000000001
    },
    "CS4U": {
      "rc": 0.149327,
      "zc": 1.0436225000000001,
      "w": 0.010008000000000017,
      "h": 2.0872460000000004,
      "nturns": 117.99999000000001
    },
    "CS1L": {
      "rc": 0.114427,
      "zc": -1.084386,
      "w": 0.010007999999999989,
      "h": 2.168772,
      "nturns": 122.62500000000001
    },
    "CS2L": {
      "rc": 0.12606,
      "zc": -1.070064,
      "w": 0.010008000000000003,
      "h": 2.140128,
      "nturns": 120.99999
    },
    "CS3L": {
      "rc": 0.137693,
      "zc": -1.0601479999999999,
      "w": 0.010008000000000017,
      "h": 2.120297,
      "nturns": 119.87499000000001
    },
    "CS4L": {
      "rc": 0.149327,
      "zc": -1.0436225000000001,
      "w": 0.010008000000000017,
      "h": 2.0872460000000004,
      "nturns": 117.99999000000001
    },
    "PF1U": {
      "rc": 0.183899999,
      "zc": 1.59059,
      "w": 0.041313,
      "h": 0.233223006,
      "nturns": 20
    },
    "PF2U-1": {
      "rc": 0.799170017,
      "zc": 1.85264003,
      "w": 0.162711993,
      "h": 0.0679700002,
      "nturns": 14
    },
    "PF2U-2": {
      "rc": 0.799170017,
      "zc": 1.93350995,
      "w": 0.162711993,
      "h": 0.0679700002,
      "nturns": 14
    },
    "PF3U-1": {
      "rc": 1.49445999,
      "zc": 1.55263996,
      "w": 0.186435997,
      "h": 0.0679700002,
      "nturns": 15
    },
    "PF3U-2": {
      "rc": 1.49445999,
      "zc": 1.63350999,
      "w": 0.186435997,
      "h": 0.0679700002,
      "nturns": 15
    },
    "PF4U-1": {
      "rc": 1.80649996,
      "zc": 0.888100028,
      "w": 0.115264997,
      "h": 0.0679700002,
      "nturns": 9
    },
    "PF4U-2": {
      "rc": 1.79460001,
      "zc": 0.807200015,
      "w": 0.0915419981,
      "h": 0.0679700002,
      "nturns": 8
    },
    "PF5U-1": {
      "rc": 2.01180005,
      "zc": 0.648899972,
      "w": 0.135900006,
      "h": 0.0684999973,
      "nturns": 12
    },
    "PF5U-2": {
      "rc": 2.01180005,
      "zc": 0.575100005,
      "w": 0.135900006,
      "h": 0.0684999973,
      "nturns": 12
    },
    "PF5L-1": {
      "rc": 2.01180005,
      "zc": -0.648899972,
      "w": 0.135900006,
      "h": 0.0684999973,
      "nturns": 12
    },
    "PF5L-2": {
      "rc": 2.01180005,
      "zc": -0.575100005,
      "w": 0.135900006,
      "h": 0.0684999973,
      "nturns": 12
    },
    "PF4L-1": {
      "rc": 1.80649996,
      "zc": -0.888100028,
      "w": 0.115264997,
      "h": 0.0679700002,
      "nturns": 9
    },
    "PF4L-2": {
      "rc": 1.79460001,
      "zc": -0.807200015,
      "w": 0.0915419981,
      "h": 0.0679700002,
      "nturns": 8
    },
    "PF3L-1": {
      "rc": 1.49445999,
      "zc": -1.55263996,
      "w": 0.186435997,
      "h": 0.0679700002,
      "nturns": 15
    },
    "PF3L-2": {
      "rc": 1.49445999,
      "zc": -1.63350999,
      "w": 0.186435997,
      "h": 0.0679700002,
      "nturns": 15
    },
    "PF2L-1": {
      "rc": 0.799170017,
      "zc": -1.85264003,
      "w": 0.162711993,
      "h": 0.0679700002,
      "nturns": 14
    },
    "PF2L-2": {
      "rc": 0.799170017,
      "zc": -1.93350995,
      "w": 0.162711993,
      "h": 0.0679700002,
      "nturns": 14
    },
    "PF1L": {
      "rc": 0.183899999,
      "zc": -1.59059,
      "w": 0.041313,
      "h": 0.233223006,
      "nturns": 20
    }
  }
}